{"basename":"www","fileperms":"0755","filetype":"dir","is_writeable":true,"is_readable":true,"is_link":false,"mime":"directory","mtime":1602650527,"path":"","url_path":".","dirsize":21,"files_count":1,"images_count":null,"files":{"test":{"basename":"test","fileperms":"0755","filetype":"dir","filesize":false,"is_readable":true,"is_writeable":false,"is_link":false,"mtime":1602150391,"path":"test","mime":"directory","url_path":"./test"},"index2.php":{"basename":"index2.php","fileperms":"0644","filetype":"file","filesize":21,"is_readable":true,"is_writeable":false,"is_link":false,"mtime":1602649036,"path":"index2.php","ext":"php","url_path":"./index2.php"}}}