{"basename":"www","fileperms":"0755","filetype":"dir","is_writeable":true,"is_readable":true,"is_link":false,"mime":"directory","mtime":1602150035,"path":"","url_path":".","dirsize":162147,"files_count":2,"images_count":null,"files":{".index.php.swp":{"basename":".index.php.swp","fileperms":"0644","filetype":"file","filesize":16384,"is_readable":true,"is_writeable":false,"is_link":false,"mtime":1602150041,"path":".index.php.swp","ext":"swp","url_path":"./.index.php.swp"},"files.js":{"basename":"files.js","fileperms":"0644","filetype":"file","filesize":145763,"is_readable":true,"is_writeable":false,"is_link":false,"mtime":1600849720,"path":"files.js","ext":"js","url_path":"./files.js"}}}